{"cameraMode":{"drawMode":0,"name":"Shaded","section":"Shading Mode"},"sceneLighting":false,"audioPlay":false,"sceneViewState":{"showFog":true,"showMaterialUpdate":false,"showSkybox":false,"showFlares":true,"showImageEffects":true,"showParticleSystems":true},"in2DMode":false,"pivot":{"x":1.4901161193847657e-8,"y":0.11221446096897125,"z":-0.9441832900047302},"rotation":{"x":-0.25997912883758547,"y":-0.22008536756038667,"z":0.06097540259361267,"w":-0.9382380843162537},"size":0.31321388483047488,"orthographic":false}