{"cameraMode":{"drawMode":0,"name":"Shaded","section":"Shading Mode"},"sceneLighting":true,"audioPlay":false,"sceneViewState":{"m_AlwaysRefresh":false,"showFog":true,"showSkybox":true,"showFlares":true,"showImageEffects":true,"showParticleSystems":true,"showVisualEffectGraphs":true,"m_FxEnabled":true},"in2DMode":false,"pivot":{"x":3.3023974895477297,"y":-5.823422908782959,"z":-10.737574577331543},"rotation":{"x":-0.0022192131727933885,"y":-0.9566277265548706,"z":0.29153507947921755,"w":-0.008375165052711964},"size":14.2210054397583,"orthographic":false}