{"cameraMode":{"drawMode":0,"name":"Shaded","section":"Shading Mode"},"sceneLighting":true,"audioPlay":false,"sceneViewState":{"m_AlwaysRefresh":false,"showFog":true,"showSkybox":true,"showFlares":true,"showImageEffects":true,"showParticleSystems":true,"showVisualEffectGraphs":true,"m_FxEnabled":true},"in2DMode":false,"pivot":{"x":0.31964486837387087,"y":0.09837549924850464,"z":-0.33169078826904299},"rotation":{"x":0.3040493130683899,"y":-0.5493062734603882,"z":0.22412721812725068,"w":0.7454824447631836},"size":0.6652141809463501,"orthographic":false}