{"cameraMode":{"drawMode":0,"name":"Shaded","section":"Shading Mode"},"sceneLighting":false,"audioPlay":false,"sceneViewState":{"m_AlwaysRefresh":false,"showFog":true,"showSkybox":false,"showFlares":true,"showImageEffects":true,"showParticleSystems":true,"showVisualEffectGraphs":true,"m_FxEnabled":true},"in2DMode":false,"pivot":{"x":-0.18049877882003785,"y":0.10140880197286606,"z":-0.9621231555938721},"rotation":{"x":0.007233568001538515,"y":0.785507082939148,"z":0.009183773770928383,"w":-0.6187482476234436},"size":0.31321388483047488,"orthographic":false}